{
    "lc": [
        656,
        59.785635586191965
    ],
    "he": [
        890,
        68.07073648324173
    ],
    "g": [
        1042,
        71.18141702315171
    ],
    "num_labels": 9134
}